tweet_id,author_id,inbound,created_at,text,response_tweet_id,in_response_to_tweet_id
13525,AskRBC,FALSE,Wed Nov 01 01:34:33 +0000 2017,@118820 Pls give our online experts a shout -&gt; 1-800-769-2555 so we can take a look at what's happening for you ^J,,13526
13527,AskRBC,FALSE,Tue Oct 31 21:01:11 +0000 2017,"@118822 You got it, Ahmad! Check out https://t.co/RYKfVV6GpU for the process ^PQ",13528,13529
88970,AskRBC,FALSE,Thu Nov 30 14:36:05 +0000 2017,"@135251 Bonjour Jean-Philippe, les tentatives de fraude peuvent augmenter durant les pÃ©riodes de haute activitÃ© comme les FÃªtes. Si vous recevez des SMS ou courriels de hameÃ§onnage paraissant provenir de la RBC, envoyez-les au __email__ ^EC",88971,88972
88973,AskRBC,FALSE,Thu Nov 30 14:10:00 +0000 2017,"@135252 Hi Claire, were you looking for us? If you have lost your RBC Bank USA card, you can give our team a call at 1-800-769-2553 and they'll be able to help ^EC",,88974
88975,AskRBC,FALSE,Thu Nov 30 13:27:00 +0000 2017,"@135253 Hello! The RBC High Interest eSavings acct includes 1 free withdrawal fr an RBC ATM per mthly stmt cycle; there is a fee for extra withdrawals. For details: https://t.co/sfALyX1oAT Ur best bet is to transfer fr the savings acct to ur banking acct, then use as needed ^C",,88976
108921,AskRBC,FALSE,Thu Nov 23 19:37:28 +0000 2017,"@140166 Hi there, we want to help - can you clarify which ATM you're referring to (branch or store)? Thanks ^EC",,108922
108924,AskRBC,FALSE,Thu Nov 23 19:26:36 +0000 2017,@140167 Your calls are important to us Chelsea; thanks for your patience for any hold times. Please use the Contact Us section of our Android or iOS mobile phone apps to schedule a callback for a time convenient for you ^PQ,108925,108926
108927,AskRBC,FALSE,Thu Nov 23 16:19:51 +0000 2017,"@140168 It might be a browser issue; you could try going to https://t.co/NvYM6AesIY from another one and if that doesn't fix thing, call the number provided earlier ^T",108928,108929
108930,AskRBC,FALSE,Thu Nov 23 16:04:27 +0000 2017,@140168 Online Banking is up and running. We recommend connecting with one of our digital experts at 1-800-769-2555 so they can look into this further with you ^SL,108929,108931
108932,AskRBC,FALSE,Thu Nov 23 16:05:01 +0000 2017,@140169 Hi there! Can you send us a DM with some more details of the transfer please? This way we'll be better able to help. Thanks ^EC,,108933
108934,AskRBC,FALSE,Thu Nov 23 15:21:00 +0000 2017,@140170 Hello. Thx for your query. Pls give RBC Direct Investing a call at 1-800-769-2560 during their hours of operation Mon-Fri 7am-8pm ET ^C,108935,108936
108937,AskRBC,FALSE,Thu Nov 23 14:14:55 +0000 2017,"@140171 Hi Conor, since it's been happening for a while we'd like our online experts to look into what's happening. Please call them at 1-800-769-2555 anytime and they'll be happy to troubleshoot with you ^EC",,108938
123666,AskRBC,FALSE,Fri Nov 24 01:11:28 +0000 2017,"@143647 Thanks for asking, Joe! We don't have coin counting machines at this time, though we'll share your comment with our head office on your behalf. Hope this helps ^K",,123667
123668,AskRBC,FALSE,Fri Nov 24 00:55:29 +0000 2017,"@141439 Hi Lyn, we'd like to try to give you some peace of mind about that email and follow up with the branch about this as well. Can you please DM us a screenshot or picture of that email you receive and what location you visited? Hope to hear from you soon ^M",123669,123670
123671,AskRBC,FALSE,Fri Nov 24 00:41:26 +0000 2017,@143648 Hello Chris! Thanks for reaching out. That message you received is not from us; it's a smishing scam. You can visit https://t.co/qB4tyeFkRh for tips on how to protect yourself against fraud. Hope this helps :) ^K,123672,123673
123674,AskRBC,FALSE,Fri Nov 24 01:19:00 +0000 2017,@143648 That would have been an amazing surprise! ;) Sorry to be the bearer of bad news but we hope you have a fantastic evening! ^JA,,123672
123675,AskRBC,FALSE,Fri Nov 24 00:35:28 +0000 2017,"@143649 Hello John! Good question. Most of the time, this is an error in the browser, most commonly on Chrome. If you try another browser it should work. If you still have issues on another browser, please call our experts at 1-800-769-2555. Hope this helps ^K",,123676
123677,AskRBC,FALSE,Fri Nov 24 00:31:00 +0000 2017,"@143650 Hi Keith, thanks for reaching out with your question. Our app is currently only supported for Android and Apple phones ^J",123678,123679
123680,AskRBC,FALSE,Thu Nov 23 23:40:25 +0000 2017,"@143651 Thank you for taking the time to let us know about this. As you hold, we encourage you to send us a secure message using the first option over at https://t.co/URf94xrKeC And, if it helps next time, you can arrange a callback using our Android/iOS mobile phone apps ^PQ",,123681
123682,AskRBC,FALSE,Thu Nov 23 20:28:30 +0000 2017,@143652 We hope it's not us - is there something we can help with? ^EC,,123683
130192,AskRBC,FALSE,Fri Nov 24 05:53:00 +0000 2017,@145363 Everything looks good on our side! Please give our digital experts a call so they can look into this with you :) They're available @ 1-800-769-2555 Thank you! ^JA,,130193
130194,AskRBC,FALSE,Fri Nov 24 01:32:28 +0000 2017,@145364 We're glad you found that fabulous deal :) Enjoy! ^M,,130195
154977,AskRBC,FALSE,Fri Nov 24 16:39:27 +0000 2017,"@151536 Hello Diana. Actually, youâ€™d need to sign into online banking to take advantage of that offer and to view the conversion rates. Head over to https://t.co/dNp5I1EUqA to get started ^PQ",154978,154979
154980,AskRBC,FALSE,Fri Nov 24 18:15:00 +0000 2017,"@151536 Have u checked the T&amp;C's for the RBC Rewards site? (https://t.co/986oAiqFgR) Scroll down to #12. Conversion of Points, letter C for deets. Or call 1-800-769-2512. To req a call back, sign into Mobile App, tap ""More"" then tap ""Contact us"" &amp; select ""Schedule a Call"" ^JL",154981,154978
154982,AskRBC,FALSE,Fri Nov 24 16:37:27 +0000 2017,"@151537 Hi Jennifer! Thanks for reaching out. Everything seems to be OK at the moment. Give it another try, if it still isn't working, perhaps try a different web browser or contact our experts at 1-800-769-2512. Thanks ^K",,154983
154987,AskRBC,FALSE,Fri Nov 24 16:12:00 +0000 2017,"@151538 Share your experience with us, Shayna. Just fill in the details here https://t.co/vyL6xvZadv Let us know if you need us ^C",,154988
154989,AskRBC,FALSE,Fri Nov 24 14:46:00 +0000 2017,"@151539 We're working diligently to get to everyone as efficiently as possible, David. If u have the app, try the 'click to call' option under 'contact us'. A Cards rep will be in touch. Enjoy ur day ^C",,154990
154991,AskRBC,FALSE,Fri Nov 24 14:25:00 +0000 2017,@151540 Hi Carly - have you called us about this? It sounds as though we need to review your banking package to ensure you have an account that suits your current needs. You can connect with us any time at 1-800-769-2511 or DM us your phone # and we'll give you a call ^S,,154992
154993,AskRBC,FALSE,Fri Nov 24 14:11:44 +0000 2017,"@151541 Hi Joseph - there may be times that your account information appear like this between the hours of midnight and 6:00 AM, as we run maintenance overnight. If you're still seeing this please give us a call at 1-800-769-2555 and we'll look into it for you. Thx ^S",,154994
154995,AskRBC,FALSE,Fri Nov 24 13:36:00 +0000 2017,"@151542 Is it the app for RBC Royal Bank of Canada that you're trying to use, Archy? Our digital team are here to troubleshoot if so, just call 1-800-769-2555. Enjoy your day ^C",,154996
170856,AskRBC,FALSE,Fri Nov 24 20:19:55 +0000 2017,@155844 Hey Scott - was there an issue with a transaction? Connect with us at 1-800-769-2511 if you'd like us to take a closer look. Thx ^S,170857,170858
170859,AskRBC,FALSE,Fri Nov 24 20:15:26 +0000 2017,@155845 Hey Dean! Let's get our Mobile pros to take a look into this further. Please give us a call at 1-800-769-2555. Thanks ^JL,,154985
170860,AskRBC,FALSE,Fri Nov 24 20:06:28 +0000 2017,"@155846 We appreciate your feedback, Christian &amp; have shared it with head office. Regards ^JL",,170861
170862,AskRBC,FALSE,Fri Nov 24 18:43:30 +0000 2017,"@155847 We thank you for your patience for any longer wait times, Ashley. If it helps, you can also reach our credit cards team by secure message. Use the first option over at https://t.co/URf94xrKeC to get started ^PQ",,170863
170864,AskRBC,FALSE,Fri Nov 24 18:30:34 +0000 2017,"@155848 Can you tell us what it is you're looking to do, Debbie? There isn't a way to schedule a call back now, though perhaps we can help you through social. Looking forward to your reply ^C",170865,170866
170867,AskRBC,FALSE,Fri Nov 24 17:29:00 +0000 2017,"@155848 Our experts are working hard to get to everyone, Debbie. In the meantime, do you use our Mobile App? If so, you can schedule a call back to help avoid hold times. Sign in, tap on ""More"" then tap ""Contact Us"" &amp; select ""Schedule a Call"". Hope that helps! ^JL",170866,170868
170869,AskRBC,FALSE,Fri Nov 24 17:47:00 +0000 2017,@155849 Hey Sharon! We've received your DM &amp; will be responding shortly. Thanks ^JL,,170870
170871,AskRBC,FALSE,Fri Nov 24 17:27:00 +0000 2017,"@155850 Hi Karri - there should be a Black Friday banner ad when you sign in to RBC Rewards. You can also see deals when you click on the partner links (Apple/Best Buy). If you're having trouble accessing these, please call 1-800-769-2555 and we'll help troubleshoot ^S",170872,154986
170873,AskRBC,FALSE,Fri Nov 24 17:05:48 +0000 2017,"@155851 Hi Anastasia! Great question! If you log into the RBC Mobile app, and go into the menu, under contact us, the chat option is in there. Hope this helps ^K",,170874
221006,AskRBC,FALSE,Thu Oct 05 03:30:29 +0000 2017,@168785 We're experiencing an issue w/ Touch ID on iOS 11; our tech team is working on a fix to have this resolved hopefully soon ^M,"221,007,221,008",221009
221010,AskRBC,FALSE,Sat Oct 21 12:23:54 +0000 2017,"@168785 Hi Aaron - we don't have a specific time frame to share, other to say it should be available in the app store soon. Thx ^S",,221008
221011,AskRBC,FALSE,Thu Oct 05 02:25:00 +0000 2017,"@168786 If an account has been opened fraudulently, please reach out -&gt; https://t.co/isaY6SynkH   so we can look into this asap ^J",,221012
221013,AskRBC,FALSE,Thu Oct 05 02:09:31 +0000 2017,@168787 Thanks for the heads up! We appreciate the offer to help diagnose but at this time we do all of that internally :) ^JA,221014,221015
221016,AskRBC,FALSE,Thu Oct 05 00:51:31 +0000 2017,@168788 This isn't the way we want u to feel about us. Could u pls DM us more info about what happened? We'd like to send feedback ^A,,221017
221018,AskRBC,FALSE,Thu Oct 05 00:27:58 +0000 2017,@168789 This isn't the experience we want for you. Could you send us a DM with more details so we can pass on your feedback? ^A,,221019
221020,AskRBC,FALSE,Wed Oct 04 22:32:00 +0000 2017,@168790 Hi there. We just picked up your post. Can you let us know the location so we can follow up on this? Thanks ^PQ,,221021
221022,AskRBC,FALSE,Wed Oct 04 21:20:00 +0000 2017,"@168791 Awesome, thanks Monica! Weâ€™ll make sure they're aware of your great feedback! ^PQ",,221023
221024,AskRBC,FALSE,Wed Oct 04 17:39:00 +0000 2017,@168791 Thx for ur kudos! Anyone in particular we can share ur tweet with at the branch? ^C,221023,221025
221026,AskRBC,FALSE,Wed Oct 04 20:54:00 +0000 2017,"@168792 Hi Preeti, this is definitely not the experience we want 4 you. Could u DM us some details so that we can provide feedback? Thx ^K",,221027
221029,AskRBC,FALSE,Wed Oct 04 20:48:28 +0000 2017,"@168793 That text is fishier than a tin of sardines! If you still have it, pls send it to __email__ then delete it. Thx! ^EC",,221030
221031,AskRBC,FALSE,Wed Oct 04 20:41:00 +0000 2017,@168794 Thanks Ashley. Please delete this post that contains your phone number while we follow up with our local partners ^PQ,,221032
221033,AskRBC,FALSE,Wed Oct 04 17:45:30 +0000 2017,@168794 We'll take your ph# with the details of your concern and send it to our Caribbean partners; they'll be in contact directly ^C,221032,221034
221038,AskRBC,FALSE,Wed Oct 04 19:05:01 +0000 2017,"@168795 We've called that # &amp; checked. Automated service asks u 2 enter the ph # we called. If this is not happening, DM us ur # ^JL",221039,221040
221041,AskRBC,FALSE,Wed Oct 04 18:50:35 +0000 2017,@168795 Automated service will ask u to enter the # we called. Then u'll b prompted w/opt to press 1 to b removed from call list ^JL,221040,221042
221043,AskRBC,FALSE,Wed Oct 04 18:38:52 +0000 2017,"@168795 Thank you; to have your number removed, please call the number back, enter the number again when prompted, then press 1 ^DH","221,042,221,044",221045
221046,AskRBC,FALSE,Wed Oct 04 18:16:00 +0000 2017,"@168795 We'd be happy to try to help stop the unwanted calls, Jacob. Can u pls let us know the number that's been calling u? Thx ^JL",221045,221047
221048,AskRBC,FALSE,Wed Oct 04 17:53:03 +0000 2017,@168796 Great question. Check out the Additional Details section at https://t.co/rUQlowciwx for more info ^PQ,,221049
221050,AskRBC,FALSE,Wed Oct 04 17:09:00 +0000 2017,"@168797 We definitely care, and want to try to help. DM details and we'll look into it ^DH",221051,221052
221053,AskRBC,FALSE,Wed Oct 04 16:07:25 +0000 2017,@168799 What sort of issues are you having? Check in with our digital team to troubleshoot at 1-800-769-2555 ^C,221054,221055
221056,AskRBC,FALSE,Wed Oct 04 15:39:14 +0000 2017,"@168800 Thanks for the heads up - when you have a second, pls forward the email/text to __email__ then delete ^DH",221057,221058
221059,AskRBC,FALSE,Wed Oct 04 15:10:19 +0000 2017,"@168801 Hi Daniel - if you still have the message, please forward it by email to us at __email__ Thx ^S",221060,221061
221062,AskRBC,FALSE,Wed Oct 04 13:45:00 +0000 2017,"@168803 Hi Ashlee, we'd like our online team to look into this with you; please give them a shout at 1-800-769-2555 anytime ^EC",,221063
221064,AskRBC,FALSE,Wed Oct 04 12:29:00 +0000 2017,@168804 Customer experience is important to us &amp; we appreciate you sharing your feedback. Were you able to have new ones sent out yet? ^B,221065,221066
221067,AskRBC,FALSE,Wed Oct 04 03:52:28 +0000 2017,@168805 Hi - we recommend using a diff browser 2 see if that helps. If that doesn't work; pls call our online pros @ 1-800-769-2555 ^M,221068,221069
221070,AskRBC,FALSE,Thu Oct 05 19:20:26 +0000 2017,"@168805 Great to hear, thanks for following up ^S",,221068
221071,AskRBC,FALSE,Wed Oct 04 00:50:52 +0000 2017,@168806 This is a known issue with iOS 11 but our tech team is working to get it fixed asap! ^A,221072,221073
221074,AskRBC,FALSE,Tue Oct 03 23:43:24 +0000 2017,@168807 We're working hard to get this back up and running! :) ^JA,,221075
221076,AskRBC,FALSE,Tue Oct 03 23:38:27 +0000 2017,"@168808 Great catch! If u still have that msg, can u pls forward it to our security team via -&gt; https://t.co/hwzn2fBoXI ? TY! ^M",221077,221078
221079,AskRBC,FALSE,Tue Oct 03 21:30:01 +0000 2017,"@168809 We have identified a similar issue, if you've updated to iOS11. We're currently working on a fix. Thanks ^K",,221080
221081,AskRBC,FALSE,Tue Oct 03 19:55:30 +0000 2017,@168810 Hi - we're happy to review any transactions you see on your account. Just call us at 242-326-2273. Thx - ^S,,221082
221083,AskRBC,FALSE,Tue Oct 03 17:30:52 +0000 2017,@168811 Thx for your feedback. We don't like making you wait; have you tried the live chat/callback options on our mobile app? ^EC,,221084
221086,AskRBC,FALSE,Tue Oct 03 17:21:51 +0000 2017,"@168812 Hi, our partners at RBC Direct Investing would like to assist with this. Please DM us your ph# so they may get in touch ^EC",,221087
221089,AskRBC,FALSE,Tue Oct 03 15:26:52 +0000 2017,@168813 Not the reputation we're striving for at all - can you send us a DM with more details? We'll do our best to help ^DH,,221090
221091,AskRBC,FALSE,Tue Oct 03 15:20:40 +0000 2017,@168814 We're glad you enjoyed it :) Thanks for sharing the pic! #AvionContest ^EC,,221092
221093,AskRBC,FALSE,Tue Oct 03 15:10:01 +0000 2017,@168815 Always happy to help - glad to hear it was resolved quickly and easily :) ^DH,,221094
221095,AskRBC,FALSE,Tue Oct 03 15:04:00 +0000 2017,@168816 Thanks for your question! We're working to have the fix released with our next update that's due in the coming weeks ^B,,221096
221097,AskRBC,FALSE,Tue Oct 03 13:33:25 +0000 2017,@168817 So sorry for the long wait times; we hope to have this resolved as soon as possible ^EC,,221098
221099,AskRBC,FALSE,Tue Oct 03 13:30:00 +0000 2017,@168818 Thanks for your patience - we confirmed this is one of our numbers. You can also call us at 1-800-769-2512 for more info ^EC,,221100
221102,AskRBC,FALSE,Mon Oct 02 19:20:28 +0000 2017,"@168818 Can u tell us the number that called? We'll check into it on our end. In the meantime, limit the details u provide ^C",221100,221103
221104,AskRBC,FALSE,Tue Oct 03 12:20:55 +0000 2017,"@168819 Apple has advised that orders are delayed due to volumes. No ETA to provide, but they're shipping out as quickly as possible ^S",221105,221106
221107,AskRBC,FALSE,Tue Oct 03 02:31:52 +0000 2017,"@168820 Hi Ken, we're here to try to help &amp; don't want to see u switch! Pls send us a DM w/ more deets so we can look into things. Thx ^JL",,221108
221109,AskRBC,FALSE,Tue Oct 03 01:26:53 +0000 2017,@168821 That looks so refreshing Jamaican us thirsty! Haha see what we did there?!.... Don't worry we won't quit our day jobs ;) ^J,,221110
221111,AskRBC,FALSE,Tue Oct 03 01:17:25 +0000 2017,"@168822 For the best advice on this this, we'd recommend chatting with our card experts. Just reach out -&gt; 1-800-769-2512 ^J",,221112
221114,AskRBC,FALSE,Tue Oct 03 00:19:47 +0000 2017,"@136906 @168822 Hey there, we spotted our name. If there is anything we can help with or if you have any Q's, we're here ^JL",221112,221115
221119,AskRBC,FALSE,Tue Oct 03 00:34:29 +0000 2017,"@168823 Hi Sandra, can you tell us what you need to get done? We may have alternate ways of banking that could help you! ^EC",,221120
221121,AskRBC,FALSE,Tue Oct 03 00:30:50 +0000 2017,"@168824 Thanks for sharing your picture with us, and for being a long-time client! We wish you luck in the #AvionContest ^EC",,221122
221123,AskRBC,FALSE,Mon Oct 02 23:31:00 +0000 2017,"@168826 Sorry to hear you feel that way, Joy. Is there anything we can do to help change your mind? ^PQ",,221124
221125,AskRBC,FALSE,Mon Oct 02 23:21:29 +0000 2017,@168827 We appreciate you getting back to us with the location details &amp; have sent feedback. Thanks ^JL,221126,221127
221128,AskRBC,FALSE,Mon Oct 02 22:47:00 +0000 2017,@168827 Can you tell us which ATMs you visited? We'll pass it on to the right team to get envelopes refilled ^EC,221127,221129
221130,AskRBC,FALSE,Mon Oct 02 20:56:26 +0000 2017,"@168828 Hey, that's great to hear! Thanks for the shout out :) Did you get stellar service from anyone in particular? ^EC",,221131
221132,AskRBC,FALSE,Mon Oct 02 20:52:30 +0000 2017,@168829 We want to make sure you're taken care of. Please DM us your ph# and let us know more details so we can look into it ^EC,221133,221134
221135,AskRBC,FALSE,Mon Oct 02 20:30:01 +0000 2017,@168829 Hi Maya. Have you been in contact with our specialists directly? If no we suggest you reach them by calling 18007692511 ^PQ,221134,221136
221138,AskRBC,FALSE,Mon Oct 02 20:44:29 +0000 2017,@168830 Roller skating on the boardwalk sounds like a great time :) Good luck! #AvionContest ^EC,,221139
221101,AskRBC,FALSE,Mon Oct 02 19:37:28 +0000 2017,@168818 Thanks Andrea - we'll look into this and get back to you when we know more ^DH,,221100
221140,AskRBC,FALSE,Mon Oct 02 18:35:25 +0000 2017,"@168831 Hi Matt, thanks for asking! We are aware of this issue &amp; are working to fix it as quickly as we can. Thanks for your patience ^EC",221141,221142
221144,AskRBC,FALSE,Mon Oct 02 18:08:27 +0000 2017,@168832 What a great destination! Thanks for sharing your pic! #AvionContest ^EC,,221145
221146,AskRBC,FALSE,Mon Oct 02 18:00:01 +0000 2017,"@168833 We're here to take a look at whats happening, Patricia. Feel free to DM ur ph# or call 1-800-769-2511 directly ^C",221147,221148
221149,AskRBC,FALSE,Mon Oct 02 17:37:03 +0000 2017,@168834 You're welcome! Thanks for letting us know you got through. Enjoy your day ^B,,221150
221151,AskRBC,FALSE,Mon Oct 02 17:15:40 +0000 2017,"@168834 Thank you. Have you been able to get through? If not, please DM us your phone # and we'll be happy to give you a call ^EC",221150,221152
221153,AskRBC,FALSE,Mon Oct 02 16:46:34 +0000 2017,"@168834 Thank you for bringing this to our attention Telly. We'd like to look into this, what number are you calling? ^T",221152,221154
221155,AskRBC,FALSE,Mon Oct 02 17:21:00 +0000 2017,"@168835 Can we help? DM the details anytime, we'll start there ^C",,221156
221157,AskRBC,FALSE,Mon Oct 02 16:09:56 +0000 2017,@168836 Sounds like a great choice! Have you been there before? ^B,,221158
221159,AskRBC,FALSE,Mon Oct 02 04:18:53 +0000 2017,@168837 This is the St Clair &amp; Oakwood branch. We're hard at work bringing it back up to snuff! Tweet if you have questions :) ^EC,,221160
221161,AskRBC,FALSE,Mon Oct 02 02:14:24 +0000 2017,"@143779 Have we had a chance to look into these with you? If not, send us a DM with your ph# (8am-1am ET) or connect at 1-800-769-2511 ^EC",,221162
221163,AskRBC,FALSE,Mon Oct 02 00:51:00 +0000 2017,"@168838 Our agents r working hard to help everyone asap. She can also pay via our automated ph system, online banking or our mobile app ^J",,221164
221165,AskRBC,FALSE,Sun Oct 01 21:08:27 +0000 2017,"@168839 Great catch, Terri - that's definitely not from us. You can also report it at __email__ if you still have it! Thanks ^EC",221166,221167
221168,AskRBC,FALSE,Sun Oct 01 20:46:33 +0000 2017,"@168840 Not to worry, as long as we have your current mailing address on file you'll be sent a new card before the end of the month ^T",221169,221170
221171,AskRBC,FALSE,Sun Oct 01 20:21:28 +0000 2017,"@168841 Thx SÃ©bastien. Pls forward any other suspicious looking texts from ""RBC"" to __email__ so our security team can review ^T",221172,221173
221174,AskRBC,FALSE,Sun Oct 01 19:05:25 +0000 2017,@168842 @168843  Update: We're aware of this &amp; r working to have it corrected w/ the next release. Sorry for the inconvenience ^T,221175,221176
221177,AskRBC,FALSE,Tue Oct 10 15:56:25 +0000 2017,"@168843 Thank you Chris; the update hasn't been released yet, but it is in the works ^T",221178,221175
221179,AskRBC,FALSE,Sun Oct 29 17:07:00 +0000 2017,"@168843 Hi Chris, pls call our digital team at 1-800-769-2555. We'd like them to look into this further with you ^SL",,221178
221181,AskRBC,FALSE,Sun Oct 01 18:51:00 +0000 2017,"@168844 For a list of the permissions our app asks for, check here: https://t.co/0abnDlHTJM For questions beyond this: 1-800-769-2555 ^DH",,221182
221183,AskRBC,FALSE,Sun Oct 01 18:03:46 +0000 2017,@168845 We definitely can! Just call 1-800-769-2511 or send a secure message through online banking and we'll be happy to help with this ^DH,221184,221185
221186,AskRBC,FALSE,Sun Oct 01 17:44:27 +0000 2017,"@168846 To order a replacement, simply click on your account in your online banking; the option will be on the right hand side 2/2 ^T",,221187
221188,AskRBC,FALSE,Sun Oct 01 17:43:55 +0000 2017,"@168846 Replacements take 7-10 BD to arrive. If it's been longer, confirm ur address via OLB &amp; if needed u can order a new one 1/2",,221187
221189,AskRBC,FALSE,Sun Oct 01 00:37:52 +0000 2017,"@168847 Hi Will, you always deserve the best experience; pls DM us more details abt what happened &amp; we'll try to turn this around ^M",,221190
221191,AskRBC,FALSE,Sat Sep 30 23:00:36 +0000 2017,@168848 Understood. That's still one of the last things that can't be done via digital. We hope your next visit is quicker. ^K,,221192
221193,AskRBC,FALSE,Sat Sep 30 22:25:30 +0000 2017,@168848 TY for the feedback; we've shared ur comment with the branch. To try to save u a trip next time; what did u need help w/ ? ^M,221192,221194
221195,AskRBC,FALSE,Sat Sep 30 21:43:52 +0000 2017,"@168849 Hey! Check this link https://t.co/AUdcHkkZ3h for more info; 2 sign up, pls call 1-868-625-1083 or visit ur closest branch ^M",221196,221197
221198,AskRBC,FALSE,Sat Sep 30 19:40:00 +0000 2017,@168850 We'd be happy 2 review the fee charged 2 ur acct. Give us a shout @ 1-800-769-2511 anytime or DM # when avail 2 chat ^JL,,221199
221200,AskRBC,FALSE,Sat Sep 30 18:43:52 +0000 2017,@168851 Now that looks like a championship caliber team! ^K,,221201
221202,AskRBC,FALSE,Sat Sep 30 17:47:31 +0000 2017,@168852 Can you pls send a DM with more info about the situation including your phone number? We'll reach out to our Caribbean partners ^DH,,221203
221204,AskRBC,FALSE,Sat Sep 30 16:38:00 +0000 2017,"@168853 There r so many other features too, Cameron! Visit the RBC Digital Banking Hub to find out more - https://t.co/mAttH6wlkb ^JL",,221205
221206,AskRBC,FALSE,Sat Sep 30 16:33:48 +0000 2017,"@168854 Service so great you'll say ""Holy guacamole!"" Always happy to help, whether near or far :) ^DH",,221207
221208,AskRBC,FALSE,Sat Sep 30 16:23:29 +0000 2017,"@168855 Leo does love a good nap! He also likes to teach with games, colouring books &amp; more - https://t.co/IDI4MUOyh9 ^JL",,221209
221210,AskRBC,FALSE,Sat Sep 30 01:58:00 +0000 2017,@168856 Hi there! We'd like our experts to take a look @ this with you. Please call them @ 1-800-769-2512 ^JA,,221211
221212,AskRBC,FALSE,Sat Sep 30 01:08:52 +0000 2017,@168820 We'd love a chance to make things right! Can you please send us a DM with details on what's going on? Thank you! ^JA,,221213
221214,AskRBC,FALSE,Sat Sep 30 00:58:51 +0000 2017,@168857 It's definitely a great way to give back to our communities! TY so much for sharing this; the world needs more Megans ;) ^M,,221215
221216,AskRBC,FALSE,Sat Sep 30 00:09:51 +0000 2017,@168858 That's definitely a cup of dreams that you'll hopefully get to experience :) ^M,,221217
221218,AskRBC,FALSE,Fri Sep 29 21:22:31 +0000 2017,@168859 Thanks so much for the information. We'll relay it to the branch. ^K,,221219
221220,AskRBC,FALSE,Fri Sep 29 20:22:00 +0000 2017,@168859 Do you happen to know which Branch location this was at? We'd like to send feedback. Thanks ^JL,221219,221221
221222,AskRBC,FALSE,Fri Sep 29 18:08:27 +0000 2017,"@168860 We do want your business, Amanda! Please DM more details about what happened. We'd like to look into things to try to help ^JL",221221,221223
221224,AskRBC,FALSE,Fri Sep 29 18:26:31 +0000 2017,"@168861 We don't want to see u go, Cindy &amp; would like to look into things. Pls send us a DM including all the details. Thanks ^JL",,221225
221226,AskRBC,FALSE,Fri Sep 29 18:16:26 +0000 2017,"@168862 Whatâ€™s been going on, Stacie? DM us all the details and branch location so we can send feedback ^PQ",,221227
221228,AskRBC,FALSE,Fri Sep 29 16:49:52 +0000 2017,@168816 Glad to hear it's all been sorted out. Enjoy the rest of your day! ^JL,,221229
221230,AskRBC,FALSE,Fri Sep 29 15:07:00 +0000 2017,@168816 No issues reported. Hve u tried uninstalling/reinstalling the app? And r u able 2 view 30 days of history in Online Banking? ^JL,221229,221231
221232,AskRBC,FALSE,Thu Sep 28 02:21:00 +0000 2017,"@168816 Excellent question! We'd like our experts to look into this with you, please give us a call @ 1-800-769-2555 :) ^JA","221,233,221,231",221234
221235,AskRBC,FALSE,Fri Sep 29 15:54:26 +0000 2017,@168863 Thanks Michael - you can connect directly with our investment team by calling 1-800-463-3863 ^S,,221236
221237,AskRBC,FALSE,Thu Sep 28 18:34:00 +0000 2017,"@168863 Hi Michael - so we're able to connect you with the right person, can you tell us what you're looking to do? ^S",221236,221238
221239,AskRBC,FALSE,Fri Sep 29 15:51:00 +0000 2017,"@168864 It sure is, Salima! Have a wonderful day :) ^JL",,221240
237127,AskRBC,FALSE,Wed Sep 27 17:02:00 +0000 2017,@172478 We'd like to look into this. Please connect with our digital experts at 1-800-769-2555 ^EC,237128,237129
237219,AskRBC,FALSE,Wed Sep 27 22:09:29 +0000 2017,"@172497 With devices being in high demand, Apple is working to fulfill orders as stock becomes avail. Approx time frame is a few weeks ^JL",237220,237221
237224,AskRBC,FALSE,Thu Sep 28 16:47:53 +0000 2017,@172498 We spotted ur tweet. Did u get this gift card through RBC Rewards &amp; have u tried getting in touch w/us at 1-800-769-2512? ^JL,237225,237226
237227,AskRBC,FALSE,Thu Sep 28 17:48:00 +0000 2017,"@172498 Sounds good, Kalista. If you donâ€™t already have their contact info, you can find it here: https://t.co/PRaFRu8WN8 ^PQ",237228,237225
237872,AskRBC,FALSE,Mon Sep 25 16:06:29 +0000 2017,"@172616 Hi Kyle, we're currently working on a fix for the issue. Sorry for the inconvenience ^SL",237873,237874
237875,AskRBC,FALSE,Fri Sep 29 15:25:00 +0000 2017,@172618 What did you think of the coffee? ^B,237876,237877
238353,AskRBC,FALSE,Tue Sep 26 19:35:00 +0000 2017,@172708 Replace snow and toque with beach and sunglasses? :) ^PQ,238354,238355
238609,AskRBC,FALSE,Tue Sep 26 20:52:27 +0000 2017,"@172757 Nothing to report at the moment. For the latest news on our Online services, you can visit --&gt; https://t.co/ImvLFolFnc ^SL",238610,238611
239396,AskRBC,FALSE,Thu Sep 28 18:49:26 +0000 2017,@172884 Hi Barbara - thank you for the feedback. We'll pass this along to our marketing team for review ^S,239397,239398
239401,AskRBC,FALSE,Thu Sep 28 20:16:07 +0000 2017,@144974 Try this Mary: https://t.co/ofeUqZBCYi ^PQ,239402,239403
240236,AskRBC,FALSE,Thu Sep 28 20:26:54 +0000 2017,"@173057 We appreciate your feedback, Melanie. DM us all the details including who you had been dealing with so we can look into it ^PQ",240237,240238
240339,AskRBC,FALSE,Thu Sep 28 18:40:00 +0000 2017,"@173083 Hi Jason, we'd like to look into this with you. Can you please DM your number when you're free or call 1-800-769-2511? Thanks ^T",240340,240341
244452,AskRBC,FALSE,Thu Oct 05 13:36:31 +0000 2017,@174065 Customer service is a priority for us. Were you able to get what you needed done? ^EC,244453,244454
244455,AskRBC,FALSE,Thu Oct 05 14:51:28 +0000 2017,@174065 Can u give us some detail as to what it is you need? ^C,244456,244453
244457,AskRBC,FALSE,Thu Oct 05 16:04:27 +0000 2017,"@174065 In that case, if you have online banking, we suggest sending a secure message (https://t.co/URf94xrKeC) on top of your call ^PQ",,244456
250501,AskRBC,FALSE,Thu Oct 05 17:14:00 +0000 2017,"@175539 Sure! We have the tools to make banking simpler, faster, better. DM ur ph# to chat or book an appt https://t.co/22ZwWXN3ND ^C",250502,250503
250504,AskRBC,FALSE,Thu Oct 05 20:11:00 +0000 2017,@175539 :) Need a hand? Let us know! ^PQ,,250502
250505,AskRBC,FALSE,Thu Oct 05 16:49:29 +0000 2017,@175542 It's definitely possible to get your loan statements without opening an account. Please give us a call at 1-800-769-2511 :) ^K,250506,250507
250508,AskRBC,FALSE,Thu Oct 05 19:45:03 +0000 2017,@175542 Were u provided a reference # for ur loan statement request? Send us a DM w/ur ph# &amp; we'll reach out to look into this further ^JL,,250506
254904,AskRBC,FALSE,Thu Oct 05 18:27:34 +0000 2017,"@176602 If you've not do so already, please give our Digital experts a call at the number provided above. Thanks ^JL",254905,254906
254908,AskRBC,FALSE,Fri Oct 06 17:54:33 +0000 2017,"@176602 At this point, pls escalate to our client care dept. Connect w them at 1-800-769-2540; choose ur language, then option 2 ^C",,254907
254912,AskRBC,FALSE,Thu Oct 05 18:18:26 +0000 2017,@176603 You heard right! Head over to https://t.co/TmeZoWudaO to get in on the savings! ^PQ,,254913
254914,AskRBC,FALSE,Thu Oct 05 17:59:00 +0000 2017,@176604 This is a known issue &amp; we're working hard on a fix. We apologize for any inconvenience ^JL,,254915
254916,AskRBC,FALSE,Thu Oct 05 17:51:57 +0000 2017,"@176605 Hi there, we're here to try to help. Please tell us more about what's going on here - https://t.co/vyL6xvHyOV Thanks ^JL","254,917,254,918",254919
254920,AskRBC,FALSE,Fri Oct 06 14:48:00 +0000 2017,@176605 Hey. Can you also send us a DM with the name of the relationship manager and a number where you can be contacted? Thanks ^T,254921,254917
254922,AskRBC,FALSE,Fri Oct 06 16:18:28 +0000 2017,@176605 Glad to hear that it has been taken care of! We hope you enjoy your day ^B,,254921
221035,AskRBC,FALSE,Thu Oct 05 17:34:57 +0000 2017,"@168794 Hi there, can you please DM us some details of your concern so we can get the right partner to contact you? Thanks ^EC",254923,221034
259242,AskRBC,FALSE,Thu Oct 05 20:19:00 +0000 2017,@177650 Perfect! Thanks for the info. Would it be possible to DM us and we could do some troubleshooting together? Thanks again! ^K,259243,259244
259245,AskRBC,FALSE,Thu Oct 05 20:01:00 +0000 2017,@177650 Thanks for bringing this to our attention Scott. Does this happen on multiple browsers or always the same one? ^K,259244,259246
259247,AskRBC,FALSE,Thu Oct 05 20:17:06 +0000 2017,"@177651 All good! Next time you call we'll take a look at call history, so tweet us if you need us &amp; weâ€™ll try to make your day here! ^PQ",,259248
259249,AskRBC,FALSE,Thu Oct 05 19:59:29 +0000 2017,@177651 :) Can you remember her name and location? Weâ€™d like her to see this so she can keep the payments coming! ^PQ,259248,259250
259251,AskRBC,FALSE,Thu Oct 05 20:06:34 +0000 2017,@177652 Weâ€™d like to take a look at it. Can you send us an image of that message? ^PQ,259252,259253
259254,AskRBC,FALSE,Thu Oct 05 20:36:29 +0000 2017,"@177652 Thx Adam. Confirmed from your DM, pls proceed as per the â€œReporting Suspicious SMS Messagesâ€ from our website you quoted ^PQ",259255,259252
259256,AskRBC,FALSE,Thu Oct 05 19:46:26 +0000 2017,"@177653 Hi Krishan! We do have that offer :) Sign into your OLB and click on Offers on the upper right, then you'll see it. Thx! ^K",259257,259258
259259,AskRBC,FALSE,Thu Oct 05 19:32:25 +0000 2017,@177654 Hi - we can certainly help. Please visit us online here https://t.co/Ywsa8JOnnA for details ^S,,259260
261634,AskRBC,FALSE,Thu Oct 05 21:19:49 +0000 2017,"@178306 We'd like to look into things further. Can you please send a DM with more details, including repâ€™s name &amp; location? Thanks ^JL",,261635
287276,AskRBC,FALSE,Fri Oct 06 14:46:59 +0000 2017,@184461 RBF522 is available thru investment dealers outside RBC. The decision to offer a fund is made by each individual dealer ^C,,287277
287278,AskRBC,FALSE,Fri Oct 06 13:50:39 +0000 2017,@184462 Sounds like a great destination choice to us! Have you ever been there before? ^B,,287279
289365,AskRBC,FALSE,Fri Nov 24 22:24:01 +0000 2017,"@184960 Daily access limits r set on ur debit card 4 ATM withdrawals, Purchases, 3rd Party transfers (eTransfer) &amp; Deposits to help keep ur accts safe. To view ur limits sign into Online Banking, click ""Daily Transaction Limits"" under ""My Services"" from Acct Summary pg ^JL",,289366
289367,AskRBC,FALSE,Fri Nov 24 22:11:53 +0000 2017,"@184961 Hi Samantha, we wouldn't want our relationship to end. Please DM us your phone number when you're free to chat between 8 am until 1 am ET, and we'll be in touch to try to turn this around and document your feedback about your experience. Hope to hear from you soon. ^M",,289368
289369,AskRBC,FALSE,Fri Nov 24 22:09:00 +0000 2017,"@184962 Hi there, as per our Terms and Conditions: Both Pre-Authorized Payments must be debited and must clear from your new Eligible Personal Banking Account by end of day November 30th, 2017"" Full deets: https://t.co/mJoEsPd6oF ^JA",289370,289371
292261,AskRBC,FALSE,Fri Oct 06 16:01:33 +0000 2017,"@185608 Have you spoken to our digital team yet, Matt? If not, please give them a call at 1-800-769-2555 so they can take a closer look ^T",,292262
292263,AskRBC,FALSE,Fri Oct 06 15:38:01 +0000 2017,"@185609 The 15% off is on toys, decor, fashion &amp; paper; the 10% cashback offer applies to everything when u pay w ur RBC credit card ^C",,292264
292265,AskRBC,FALSE,Fri Oct 06 15:20:40 +0000 2017,@185610 Hi Jamie. We'll have this taken care of in the upcoming weeks! We appreciate your patience ^B,,292266
294701,AskRBC,FALSE,Fri Oct 06 17:18:29 +0000 2017,@186198 Hi Meredith! Thanks for bringing this to our attention. Would you be able to DM us the phone # that contacted you? ^K,,294702
294704,AskRBC,FALSE,Fri Oct 06 16:34:00 +0000 2017,@186199 We spotted ur tweet &amp; r here 2 try 2 help. Pls share any feedback w/our Caribbean partners here: https://t.co/kwOhOT7smG ^JL,,294705
297781,AskRBC,FALSE,Fri Oct 06 18:40:41 +0000 2017,@186941 Rank Ru for the head's up :)  We'll have this look into by our security team. Have a great day! ^K,,297782
297783,AskRBC,FALSE,Fri Oct 06 18:15:32 +0000 2017,@186942 If u still have the messages pls report them here - https://t.co/qB4tyeFkRh &amp; check out all the tips to help stay protected ^JL,,297784
297785,AskRBC,FALSE,Fri Oct 06 17:51:36 +0000 2017,@186943 Our Digital experts are working hard on a fix for this. No ETA on a time frame at this time ^JL,297786,297787
297788,AskRBC,FALSE,Fri Oct 06 17:47:00 +0000 2017,@186944 That's certainly not how we want you to feel! Is there anything we can help with? Pls DM us the details of what's going on ^B,,297789
300472,AskRBC,FALSE,Fri Oct 06 19:46:54 +0000 2017,@187640 Ours is a RBC Virtual Visa Debit &amp; can be used for purchases online. For details &amp; how to request it âž¡ï¸ https://t.co/XWW5KsHYZB ^T,,300473
305630,AskRBC,FALSE,Fri Oct 06 22:19:27 +0000 2017,@188994 Great Q! Ur monthly fee is determined by the 1st letter in ur last name; visit page # 28 via here: https://t.co/lv8N30BXAQ ^M,305631,305632
305633,AskRBC,FALSE,Fri Oct 06 21:54:29 +0000 2017,@188995 Thx 4 letting us know. To report this &amp; 4 tips to protect yourself from these types of scams: https://t.co/hwzn2fBoXI ^JL,305634,305635
308169,AskRBC,FALSE,Sat Oct 07 00:08:52 +0000 2017,@189582 TY for letting us know! Our experts at Visa prepaid card can investigate that charge further; pls call them @ 1-866-466-8079 ^M,,308170
308171,AskRBC,FALSE,Fri Oct 06 23:54:16 +0000 2017,@189583 Hi Mike our advice - cnct w/ our Digital experts at 1-800-769-2555. Or use the RBC Reward app - https://t.co/Q8hO5UFUyO ^JL,,308172
308173,AskRBC,FALSE,Fri Oct 06 23:38:00 +0000 2017,"@189584 No, u don't need 2 do a travel alert. Make sure ur contact info is up 2 date in case we need 2 call - https://t.co/tLR6d6FEr9 ^JL",,308174
309898,AskRBC,FALSE,Sat Oct 07 01:34:00 +0000 2017,"@189985 Hopefully, you'll get to visit Seoul one day :) ^M",,309899
312575,AskRBC,FALSE,Sat Oct 07 03:22:50 +0000 2017,@189582 To try to help with this; can you please DM us the first 6 numbers on the Visa Gift card? Thanks! ^M,312576,312577
325780,AskRBC,FALSE,Sat Oct 07 15:57:38 +0000 2017,@193609 Never underestimate the energy of youth! Great pic :) ^DH,,325781
341009,AskRBC,FALSE,Sun Oct 29 23:54:53 +0000 2017,"@197467 Can you tell us what error message you are getting when you try to add the payee, please? ^EC",,341010
344336,AskRBC,FALSE,Sun Oct 08 00:31:00 +0000 2017,"@172618 Yes, this would be legit! It would be regarding the #avioncontest :) ^A",,344337
345634,AskRBC,FALSE,Sun Oct 08 01:41:53 +0000 2017,@198247 We appreciate your patience! Apple is working hard to get all of them sent out :) ^JA,,345635
346918,AskRBC,FALSE,Sun Oct 08 03:52:26 +0000 2017,@198614 Everything is good on our end! Plz call our digital experts @ 1-800-769-2555 so we can help you back into your online :) ^JA,346919,346920
354595,AskRBC,FALSE,Mon Oct 30 23:03:53 +0000 2017,@200284 We never want your banking to be confusing. Just give us a shout -&gt;  https://t.co/isaY6SynkH so we can adjust your settings ^J,,354596
354597,AskRBC,FALSE,Mon Oct 30 23:00:02 +0000 2017,@200285 This is not the experience we want for you. Can we help? Please DM us some details of what's going on along with your ph# ^EC,,354598
354599,AskRBC,FALSE,Mon Oct 30 22:31:31 +0000 2017,"@200286 Yes, that # is one of ours. If you'd prefer not to get these calls, DM us your ph# so we can chat and update your preferences ^EC",354600,354601
373620,AskRBC,FALSE,Sun Oct 08 23:49:32 +0000 2017,@204535 Thanks for reaching out with your question! We'd recommend travelling with more than one option in case of theft or loss ^J,373621,373622
373623,AskRBC,FALSE,Mon Oct 09 00:36:31 +0000 2017,"@204535 For info on ATM access: https://t.co/QfWwQYJ09d Branch staff will b happy 2 give advice, or call 1-800-769-2511 anytime! ^EC",,373621
389598,AskRBC,FALSE,Mon Oct 09 12:34:00 +0000 2017,"@208223 While branches are closed, we've got you covered w/our other ways to bank https://t.co/6juVyXypQ7 We're also here on Twitter ^T",,389599
395948,AskRBC,FALSE,Mon Oct 09 15:12:28 +0000 2017,@135253 Hi. Please give RBC DI a call at 1-800-769-2560 Mon-Fri 7am-8pm EST for more information or visit - https://t.co/SlV1H8gaWu ^JL,,395949
408773,AskRBC,FALSE,Mon Oct 09 20:54:25 +0000 2017,@115875 This is a known tech issue &amp; we're working hard on a fix. For more deets pls cnct w/ r Digital experts at 1-800-769-2555 ^JL,,408774
413468,AskRBC,FALSE,Wed Oct 25 17:48:37 +0000 2017,@213680 We'd like to make sure your order gets placed correctly. Please DM us with the branch location and your phone # ^EC,,413469
413470,AskRBC,FALSE,Wed Oct 25 16:46:47 +0000 2017,@213681 Hello Zack! Nothing new to report at this time ^JL,413471,413472
413473,AskRBC,FALSE,Thu Oct 19 18:50:01 +0000 2017,@213681 Hi Zach. We're aware of this issue &amp; are working to have this corrected w/an upcoming release. We appreciate your patience ^B,"413,472,413,474",413475
413476,AskRBC,FALSE,Wed Oct 25 15:43:47 +0000 2017,@213682 Our digital team may be able to help. Give them a call at 1-800-769-2555; they're ready to chat when you are. Enjoy your day ^C,413477,413478
413479,AskRBC,FALSE,Wed Oct 25 15:07:25 +0000 2017,"@213682 Hi there, we'd like to know what happened and try to help. When you have a moment, please send us more details ^SL",413478,413480
417481,AskRBC,FALSE,Tue Oct 10 02:15:00 +0000 2017,@214614 Offer should be applied instantly when you pay. Our Cards experts can look into why it's not working 4 you 1-800-769-2512 ^A,,417482
417483,AskRBC,FALSE,Tue Oct 10 00:46:50 +0000 2017,@214615 Thanks for the shout out! We're just a tweet away if you need us :) ^J,,417484
436200,AskRBC,FALSE,Tue Oct 10 15:56:00 +0000 2017,@218607 The same dept (__email__) takes care of both email and SMS alerts. Appreciate it ^C,,436201
436203,AskRBC,FALSE,Tue Oct 10 15:22:56 +0000 2017,"@218607 Hey Andrew! Thanks for checking, definitely not from us. Can you pls forward to __email__ and then delete? ^DH",436201,436204
436205,AskRBC,FALSE,Tue Oct 10 15:43:25 +0000 2017,"@218608 We got you. The branch ph# is (242) 367-2420 &amp; their hrs are Mon-Thu: 9:00am - 4:00pm, Fri:9:00am - 4:30pm Have a good one ^C",,436206
436207,AskRBC,FALSE,Tue Oct 10 15:34:00 +0000 2017,"@218609 Did you know about our Wallet app? https://t.co/ZlGwIIc7RY If you're ready to switch, we're happy to help! Just DM your ph# ^EC",,436208
436209,AskRBC,FALSE,Tue Oct 10 15:09:00 +0000 2017,@218610 Ce n'est pas lÃ  l'impression que nous voulons donner. Y a-t-il quelque chose qu'on puisse faire pour vous aider? ^EC,,436210
436211,AskRBC,FALSE,Tue Oct 10 14:55:04 +0000 2017,"@218611 Thanks for your feedback, Elle! We appreciate it and will pass on the love to the Elmsdale branch. Have a great day ^EC",,436212
436213,AskRBC,FALSE,Tue Oct 10 14:23:00 +0000 2017,"@218611 Hi Elle, we'd like to help but we need more info. Can you tell us more about what you needed? Thanks! ^EC","436,214,436,215",436216
436217,AskRBC,FALSE,Tue Oct 10 13:37:26 +0000 2017,"@218612 Hi Lise, we appreciate your feedback and have sent it to our head office. Let us know if there's anything else you need! ^EC",,436218
457532,AskRBC,FALSE,Thu Nov 30 22:27:00 +0000 2017,"@223643 But, John! The prince needs your help ;) If you still have the message, check out -&gt; https://t.co/qB4tyeFkRh   for tips on what to do when the ""opportunity"" of a lifetime lands in your inbox ^J",,457533
457534,AskRBC,FALSE,Thu Nov 30 21:30:27 +0000 2017,@140654 We take your privacy and security very seriously. Can you tell us what happened? Please send us a DM with some details ^EC,,457535
457536,AskRBC,FALSE,Thu Nov 30 19:59:29 +0000 2017,@223644 Hi there. Currently this function is not available in the dashboard. Your input is appreciated and we will pass it onto the team at RBC Direct Investing ^JL,,457537
467311,AskRBC,FALSE,Fri Dec 01 04:52:24 +0000 2017,"@226238 Good question! We'd like to have our Rewards experts double check to make sure everything is working as it should, please reach out to them @ 1-800-769-2512 so they can clear this up ^JA","467,312,467,313",467314
467315,AskRBC,FALSE,Fri Dec 01 04:43:29 +0000 2017,"@226239 Hi there, we'd need to refer you to our Digital Experts for that answer :) They can be reached at 1-800-769-2555 ^JA",467316,467317
467318,AskRBC,FALSE,Fri Dec 01 05:07:28 +0000 2017,"@226239 Hi Mandy, yes, our online banking experts are open 24/7 :) Hope this helps! ^M",,467316
467319,AskRBC,FALSE,Fri Dec 01 04:39:28 +0000 2017,@226240 Can you give us more info please? Is your phone unable to connect or do you mean you're waiting on hold? ^JA,467320,467321
467322,AskRBC,FALSE,Fri Dec 01 16:39:30 +0000 2017,"@226240 Have you had a chance to get through by phone or discuss this in the branch yet? If not, please send us a DM with your contact info. Thank you ^B",,467320
467323,AskRBC,FALSE,Fri Dec 01 04:04:00 +0000 2017,"@226240 Hi there, the number you'll need to call is 1-800-769-2512. Wait times are longer than usual due to high call volumes but we're working hard to get to you. We really appreciate your patience! ^JA",467321,467324
467325,AskRBC,FALSE,Fri Dec 01 02:01:00 +0000 2017,"@226241 Tks for letting us know. If you receive further messages, check out -&gt; https://t.co/qB4tyeFkRh  for details on reporting fraud ^J",,467326
486048,AskRBC,FALSE,Fri Dec 01 15:29:34 +0000 2017,"@230628 Hi Jessica, can you send us a private message letting us know which branch you visited. We'd like to pass along the feedback ^SL",,486049
486050,AskRBC,FALSE,Fri Dec 01 15:04:10 +0000 2017,"@230629 Thanks for spreading the word Brian as these messages are fraudulent and not from RBC. Whenever you receive a message like this, please report it by forwarding to __email__ with ""Smishing Incident"" written in the subject line ^T",,486051
486052,AskRBC,FALSE,Fri Dec 01 15:01:27 +0000 2017,"@230630 It is the recipient who's been authorized for Autodeposits for Interac e-Transfers. To learn more: https://t.co/ebXTF6N0le That said, we take protecting your acct seriously and if any unauthorized transactions happen via Online Banking, you'll be reimbursed ^SL",486053,486054
486055,AskRBC,FALSE,Fri Dec 01 17:02:28 +0000 2017,"@230630 Hi Linds! The Auto-Deposit feature is decided by the recipient. You could always ask them to disable it, or there's always the option of sending it via text number instead of email address. Hope this helps! ^K",486056,486053
486057,AskRBC,FALSE,Fri Dec 01 14:53:28 +0000 2017,"@230631 RBC is a pretty great choice, however we are a little biased. And right now we have a promotion happening until December 28th, were you can get select accounts free for a year! DM us if you're interested in finding out more ^T",,486058
486059,AskRBC,FALSE,Fri Dec 01 13:26:57 +0000 2017,"@230632 If you don't have accounts with us, then the messages are probably a phishing scam and not from us. We can always take a look at them to confirm; feel free to forward them to us at __email__ ^T",,486060
504147,AskRBC,FALSE,Fri Dec 01 19:18:29 +0000 2017,"@235522 Hey there, we spotted your tweets. Have you made a deposit recently? To find out your daily limits &amp; funds available sign into Online Banking &amp; click on ""Daily Transaction Limits"" under ""My Services"" on the Account Summary page. Hope this helps! ^JL",,504148
504149,AskRBC,FALSE,Fri Dec 01 19:09:52 +0000 2017,"@235522 What's happening? Tell us more, maybe we can help ^C",,504150
504151,AskRBC,FALSE,Fri Dec 01 18:34:46 +0000 2017,"@235523 We appreciate your patience. If they help, please take a look these other ways to bank: https://t.co/fVVEbk97jt ^PQ",,504152
504153,AskRBC,FALSE,Fri Dec 01 18:22:23 +0000 2017,@235524 Hello. Thanks for your query. Please give RBC Direct Investing a call at 1-800-769-2560 during their hours of operation Mon-Fri 7am-8pm ET ^PQ,,504154
504155,AskRBC,FALSE,Fri Dec 01 16:35:00 +0000 2017,"@235525 No charge to accept eTransfers for small business at this time, Ryan. We recommend following up with our business banking experts though to review fees. Have a great weekend ^C",,504156
504157,AskRBC,FALSE,Fri Dec 01 16:27:40 +0000 2017,"@235526 There are no known issues reported at this time Matt, so we'd recommend phoning in so that we can troubleshoot with you. Regards ^T",,504158
504159,AskRBC,FALSE,Fri Dec 01 15:44:00 +0000 2017,"@235526 Hi Matt, we'd like to have one of our digital experts look into this further with you. When you have a moment, please give them a call at 1-800-769-2555 ^SL",504158,504160
517485,AskRBC,FALSE,Fri Dec 01 23:40:29 +0000 2017,@239327 Have we already had a chance to look this over with you? Let us know please so we can try to help out any way we can ^PQ,517486,517487
517488,AskRBC,FALSE,Fri Dec 01 20:48:39 +0000 2017,@239328 Waiting isn't fun &amp; time-consuming. Hve u considered trying Digital/Mobile channels or ATM as u can access most services 4 ur banking needs? More clientsâ€™ are using Digital/Mobile b/c of the convenience &amp; flexibility they offer. Hve Q's? Ask a rep 4 more info today! ^JL,,517489
525878,AskRBC,FALSE,Sat Dec 02 03:16:49 +0000 2017,"@241665 Hi Glen, we'd like to try to help any way we can, though, Twitter is not a secure channel to discuss your banking and our credit card experts would be the only ones who can investigate that block on your card ^M",525879,525880
525881,AskRBC,FALSE,Sat Dec 02 02:09:25 +0000 2017,"@241665 We appreciate your patience, our Cards team are busier than usual  but are working hard to get to you ^JA",525880,525882
525883,AskRBC,FALSE,Sat Dec 02 02:52:51 +0000 2017,"@241666 Hi Sherry, your time and business are important to us. We're sorry for the inconvenience with our higher than normal wait times; our colleagues are working to get to you. We'd like to try to help; can you tell us what you're calling for? ^M",525884,525885
525886,AskRBC,FALSE,Sat Dec 02 02:43:54 +0000 2017,"@241667 Hi Stephen, we really appreciate your feedback and suggestion; we've shared your post with our head office on your behalf ^M",,525887
525888,AskRBC,FALSE,Sat Dec 02 01:53:00 +0000 2017,"@241668 Hi Rob, your time is really important to us, and we're sorry for the inconvenience. Our cards team is busier than usual, though they're working hard to get to you ASAP ^M",,525889
554060,AskRBC,FALSE,Sat Dec 02 20:07:32 +0000 2017,@249270 Not what we like to hear - can you send us a DM to let us know what's causing this? We'll do our best to help ^DH,554061,554062
554063,AskRBC,FALSE,Sat Dec 02 19:02:41 +0000 2017,@249272 Hi Todd! Thanks for taking the time to share your experience with us as we definitely do value your time. We'll ensure that your feedback is sent to the appropriate department. ^K,,554064
554065,AskRBC,FALSE,Sat Dec 02 16:26:31 +0000 2017,@249273 Hi Talha - we'd love to have you. Send us a DM and let us know how we can help ^S,,554066
554067,AskRBC,FALSE,Sat Dec 02 15:58:43 +0000 2017,"@249275 Hi Kelley, we're not experiencing any widespread issues with eTransfer deposits currently - we suggest calling our digital advice team at 1-800-769-2555 so we can look into it ^DH",,554068
566213,AskRBC,FALSE,Sun Dec 03 00:12:50 +0000 2017,"@252724 Hi there, we'd like to help if we can! Please send us a DM with details on the reason you're calling :) Thank you! ^JA",,566214
566215,AskRBC,FALSE,Sat Dec 02 22:33:56 +0000 2017,@252725 No news to report at this time but we've shared your comments with our head office. You can stay up to date with all our mobile offerings here: https://t.co/hxABtxqUYx ^A,,566216
588000,AskRBC,FALSE,Sun Dec 03 14:11:29 +0000 2017,@258941 We always appreciate hearing from our customers and would like to pass along the feedback to head office. Can you send us more details of what you would like to see in Online Banking? ^SL,,588001
600694,AskRBC,FALSE,Sun Dec 03 20:44:00 +0000 2017,"@262483 Our credit card team is experiencing longer than usual call times, Harrison . Thank you for continuing to hold. If you use online banking, you can submit your question there. Hereâ€™s how: https://t.co/XR3rlFsXj6 ^PQ",,600695
600696,AskRBC,FALSE,Sun Dec 03 20:35:41 +0000 2017,"@262484 HI Sabrina. When we advise of cards delivery, it is an approx window, usually 7-10 business days by reg mail. When was your card sent and was it by mail? ^PQ",,600697
600698,AskRBC,FALSE,Sun Dec 03 20:20:00 +0000 2017,@262485 We thank you for your patience for any longer call times. Which dept are you trying to reach and the reason for your call? ^PQ,"600,699,600,700",600701
600702,AskRBC,FALSE,Sun Dec 03 18:34:00 +0000 2017,"@262486 Hey Paige, whatâ€™s going on to make you feel this way? DM us the details so we can try to help out as weâ€™d rather not see a switch ^PQ",,600703
600704,AskRBC,FALSE,Sun Dec 03 18:25:58 +0000 2017,"@262487 We want to save you some time - if you navigate to https://t.co/p7OUVyYhaK you will see a search option at the top-right of the page. Select that, then type in ""credit card inquiry"" and it's the top result. Hope that helps! ^DH","600,705,600,706",600707
600708,AskRBC,FALSE,Sun Dec 03 17:50:23 +0000 2017,@262487 Hi Ryan - we have quite a few different websites. Which two are you referring to? ^DH,"600,707,600,709",600710
600711,AskRBC,FALSE,Sun Dec 03 18:25:52 +0000 2017,"@262488 We would need to speak with you by phone to be sure about this. If you still havenâ€™t spoken to customer service, you can try a secure message https://t.co/bsbXmJVzpH or by sending us a DM with your phone number when youâ€™re free to talk ^PQ",600712,600713
600714,AskRBC,FALSE,Sun Dec 03 18:00:01 +0000 2017,"@262488 Is this occurring at one specific terminal, or have you tried different ones? If the cards work in ATMs, they should also work at point of sale ^DH",600713,600715
600716,AskRBC,FALSE,Sun Dec 03 17:46:00 +0000 2017,"@262488 Hi there, are you experiencing the issue with your debit card or credit cards? ^SL",600715,600717
600718,AskRBC,FALSE,Sun Dec 03 17:53:00 +0000 2017,@262489 Caught your tweet. You can report the issue with the ATM by calling 625-7288 or writing --&gt; https://t.co/Ku33DBR0Oh ^SL,,600719
600720,AskRBC,FALSE,Sun Dec 03 16:51:26 +0000 2017,"@262490 Hi Jimmy, our digital advisors will need to take a look at this with you to find out what's causing this. Please reach out to 1-800-769-2555 when you have a moment ^DH",,600721
641585,AskRBC,FALSE,Wed Nov 22 19:09:00 +0000 2017,"@272266 You can change the settings to turn off NOMI insights within the RBC Mobile App. Simply tap on ""More"" &gt; ""Settings"" &gt; NOMI Insights. This opens the settings screen where you can tap or swipe the toggle button ""NOMI feature enabled"" to ""Off"" Hope this helps! ^JL",641586,641587
641588,AskRBC,FALSE,Wed Nov 22 18:40:00 +0000 2017,"@272268 Hello - once you qualified for the promo and received the message asking you to choose your product, another message should be sent when the item has been shipped. If you'd like to check on it, please call 1-800-769-2511 ^DH",,641589
641590,AskRBC,FALSE,Wed Nov 22 18:35:00 +0000 2017,"@272269 Thanks again, Taryn. Weâ€™ll add these comments to those we sent as feedback earlier ^PQ",,641591
641592,AskRBC,FALSE,Wed Nov 22 17:43:30 +0000 2017,"@272269 Hi there, we appreciate you taking the time to share your concerns with us. We've forwarded along your comments to head office for feedback. Thanks ^JL",641591,641593
641594,AskRBC,FALSE,Wed Nov 22 18:28:33 +0000 2017,"@272270 Security is important to us to, Michael. While we have no info to share on 2 factor authorization, take a look at our Online Banking Security Guarantee: https://t.co/rSuUE2gU9G ^PQ",641595,641596
641597,AskRBC,FALSE,Wed Nov 22 18:06:16 +0000 2017,@272271 Thanks for the excellent comment and for choosing to bank with us in the first place! ^PQ,,641598
641599,AskRBC,FALSE,Wed Nov 22 17:30:01 +0000 2017,"@272272 You're right, it's a scam! Those fraudsters will try anything. To report it and for tips on how to protect yourself, check out: https://t.co/qB4tyeFkRh ^SL",,641600
641605,AskRBC,FALSE,Wed Nov 22 16:02:22 +0000 2017,"@272275 No news to report at the moment. To keep up with the latest mobile developments, check out: https://t.co/LoPhtvPFuC  ^SL",,641606
641607,AskRBC,FALSE,Wed Nov 22 15:52:00 +0000 2017,"@272276 Hi Kim! If this is in regards to your Cash Back Mastercard, you can find the answer to this and other frequently asked questions here: https://t.co/7zlhu9PpIw You can also call our credit cards team anytime to get help with your card at 1-800-769-2512! ^EC",,641608
641609,AskRBC,FALSE,Wed Nov 22 15:45:02 +0000 2017,"@272277 Hi Danielle - we don't have this option currently but we'll certainly pass along your request. Thanks for sharing your feedback. :) Also, please tweet future questions to us here as @5163 is no longer in use. Enjoy your day ^S",,641610
641611,AskRBC,FALSE,Wed Nov 22 14:37:30 +0000 2017,"@272278 Hi Meaghan, have you tried our international collect number? If not, please try making a collect call to 506-864-1555. If that does not work, you can send us a DM with your phone number and we'll call you instead ^EC",,641612
641613,AskRBC,FALSE,Wed Nov 22 14:25:26 +0000 2017,"@272279 Hi there, we're not seeing any issues currently; if you are still unable to get your e-transfer, please connect with us at 1-800-769-2555 so we can look into what's going on ^EC",,641614
641615,AskRBC,FALSE,Wed Nov 22 14:19:51 +0000 2017,"@272280 No news at this time, but you can use our RBC Wallet app for safe and secure purchases including payment &amp; gift cards at point of sale! Check it out &gt; https://t.co/ZlGwIIc7RY ^EC",,641616
651634,AskRBC,FALSE,Thu Oct 05 04:36:31 +0000 2017,"@274959 Hi Pete, to take a closer look @ this, pls connect w/ our card pros via 18007692512 &amp; they'll be happy to answer any reward Qs ^M",,651635
659919,AskRBC,FALSE,Thu Sep 28 23:20:27 +0000 2017,@277171 Here's to hoping you get a chance to take a bite out of that big apple! ^K,659920,659921
663678,AskRBC,FALSE,Fri Sep 29 00:22:54 +0000 2017,"@278173 Thanks for the shoutout, Robin! Your Apple family is now complete, and you'll be able to do your banking anywhere you go :) ^M",663679,663680
666553,AskRBC,FALSE,Thu Nov 23 02:49:27 +0000 2017,"@278822 We're experiencing higher than normal call volumes this evening but are working as quickly as possible to get to you! To save you time, you can schedule a call back through our mobile app. Just sign in, use the menu on the left and click Contact Us to set it up ^A",666554,666555
666556,AskRBC,FALSE,Thu Nov 23 02:25:00 +0000 2017,"@204535 Are you using Gmail? If so, try this: open Gmail, tap on the menu (top left), click on Settings, then General Settings, uncheck 'Open web links in Gmail' and then try to deposit. If this doesn't fix the issue, pls call our mobile experts at 1-800-769-2555 ^A",,666557
666558,AskRBC,FALSE,Thu Nov 23 01:59:54 +0000 2017,"@278824 Thanks for your question! Although we don't waive the monthly fee for keeping a minimum balance, we do offer savings on monthly fees with our Multi-Product Rebate. For more info on how it works visit: https://t.co/79k4zIovCr ^A",,666559
666560,AskRBC,FALSE,Thu Nov 23 01:17:26 +0000 2017,"@222352 Hi Joe, your long-term loyalty means a lot to us. We would like to try to help with turning this around; please DM more details about what you need help with? Thank you ^M",666561,666562
666563,AskRBC,FALSE,Thu Nov 23 00:57:00 +0000 2017,"@278825 We appreciate ur patience, our Cards team is experiencing higher than normal call volumes this evening. To save u time, u can schedule a call back via our mobile app if you have an iOS/Android device. In the menu options, click Contact Us. Hope that helps! ^A",,666564
666565,AskRBC,FALSE,Wed Nov 22 23:39:33 +0000 2017,"@278826 For all the details, we invite you to visit - https://t.co/UlOvOd9r5V &amp; the FAQ's - https://t.co/ED9gJNcgOg You just need to link your RBC Debit and/or Credit Card(s) with a Petro-Points card through Online Banking by selecting ""Link Now"" at the bottom of the page ^JL",,666566
666567,AskRBC,FALSE,Wed Nov 22 22:49:51 +0000 2017,@278826 Hey Mitch! If you need any help or if you have any questions please let us know. We're just a tweet away! ^JL,666566,666568
666569,AskRBC,FALSE,Wed Nov 22 23:39:00 +0000 2017,"@278828 Nous apprÃ©cions votre commentaire, et nous lâ€™enverrons Ã  notre bureau-chef ^PQ",,666570
666571,AskRBC,FALSE,Wed Nov 22 23:08:00 +0000 2017,@278829 Thanks for getting back to us. You can send us a DM with the details to communicate privately ^J,,666572
666573,AskRBC,FALSE,Wed Nov 22 22:41:56 +0000 2017,"@278829 We always want to be able to get you the best service, JR. Let us know what youâ€™d requested so we can try to offer some help here ^PQ",666572,666574
666575,AskRBC,FALSE,Wed Nov 22 21:47:32 +0000 2017,"@278830 We've forwarded your feedback to RBC Direct Investing. For urgent inquiries call 1-800-769-2560 (option 6 for Tech Support), Mon-Fri 7am-8pm ET for help with this issue ^SL",,666576
666577,AskRBC,FALSE,Wed Nov 22 21:46:29 +0000 2017,@278831 We don't want to lose you. Please send us a DM with some info on what happened and include your phone number so we can try to help ^EC,666578,666579
666580,AskRBC,FALSE,Wed Nov 22 21:17:00 +0000 2017,@278832 Scammers gonna scam! That's definitely not from us. Please forward to our security team at __email__ then delete the message ^EC,,666581
666582,AskRBC,FALSE,Wed Nov 22 21:10:26 +0000 2017,"@278833 What sort of issues are you having, Matt? ^PQ",666583,666584
666585,AskRBC,FALSE,Wed Nov 22 21:06:28 +0000 2017,@278834 Thanks so much for the comments! We'll let Dennis see this too @278835 You can use https://t.co/9ZeO8VHyLw to get in touch ^PQ,666586,666587
670875,AskRBC,FALSE,Thu Oct 05 13:39:57 +0000 2017,@280036 Sounds like a great choice for a destination! Have you ever been there before? ^B,,670876
680223,AskRBC,FALSE,Thu Nov 23 03:19:50 +0000 2017,"@282303 Tks for the feedback. If you prefer, you can use our mobile app to arrange a callback rather than waiting ^J",,680224
680226,AskRBC,FALSE,Thu Nov 23 03:00:55 +0000 2017,@282304 Hi there! Thanks for reaching out. We haven't set an end date for this offer at this time. Take care! ^JA,,680227
696276,AskRBC,FALSE,Thu Oct 05 21:59:26 +0000 2017,"@286132 It can take 7-10 business days to receive ur debit card by mail. If not rec'd within that time frame, pls call 1-800-769-2511 ^JL",696277,696278
696279,AskRBC,FALSE,Fri Oct 13 22:12:28 +0000 2017,"@286132 Hey Jessi, we're here to try to help. DM us ur ph# when avail to chat &amp; we'll reach out to look into this further with you ^JL",,696277
707795,AskRBC,FALSE,Tue Oct 10 18:59:00 +0000 2017,@289209 That's not the experience we like to hear you had. Pls tell us more about what happened in a DM. We'd like to try to help ^JL,707796,707797
707798,AskRBC,FALSE,Tue Oct 10 18:32:30 +0000 2017,"@289210 Our offer to listen is still open if you change your mind, Mary ^PQ",,707799
707800,AskRBC,FALSE,Tue Oct 10 13:33:00 +0000 2017,"@289210 Before you make any changes Mary, pls send us a DM with the details of your experiences? We are here to listen &amp; to try to help ^T",707799,707801
707802,AskRBC,FALSE,Tue Oct 10 18:09:16 +0000 2017,@289211 We noticed your tweet. We're here if we can help you in any way https://t.co/EBL7bqSnuz ^S,,707803
707804,AskRBC,FALSE,Tue Oct 10 18:02:00 +0000 2017,"@289212 Thanks! Have you tried using a different browser? If this does not fix the issue, please call us at 1-800-769-2555 for help ^EC",,707805
707806,AskRBC,FALSE,Tue Oct 10 17:53:02 +0000 2017,"@289212 Hi Kirk, is this happening on mobile or on the full site (or both)? ^EC",707805,707807
707808,AskRBC,FALSE,Tue Oct 10 17:23:00 +0000 2017,"@289213 Have you called our Cards team, Kerry? They may be able to check into this further. Thanks! -- Charlene, Moncton, NB",707809,707810
707812,AskRBC,FALSE,Tue Oct 10 17:08:25 +0000 2017,@289214 For any questions or concerns please contact our agents at: 1-877-933-4800 ^C,,707813
707814,AskRBC,FALSE,Tue Oct 10 17:03:33 +0000 2017,@168843 Apple Pay isn't available for business clients at this time. We'll share your sentiment with head office all the same ^C,,707815
712864,AskRBC,FALSE,Tue Oct 10 21:22:00 +0000 2017,"@168806 Though no time frame to share, we are aware of and are currently working to resolve this issue. We appreciate your patience ^PQ",,712865
712866,AskRBC,FALSE,Tue Oct 10 20:01:34 +0000 2017,"@290488 Yes, gift cards/certificates are sent to the address on file, or an alt one, as provided by the client redeeming Rewards pts ^PQ",,712867
718030,AskRBC,FALSE,Wed Oct 11 00:58:29 +0000 2017,"@291934 We'd like to look into what's happening, please contact our online experts anytime at 1-800-769-2555 ^A",718031,718032
718033,AskRBC,FALSE,Wed Oct 11 00:43:28 +0000 2017,"@291935 Try uninstalling/reinstalling app. If still not able to add, please reach out to our digital experts anytime @ 1-800-769-2555 ^A",718034,718035
718036,AskRBC,FALSE,Wed Oct 11 01:03:53 +0000 2017,@291935 We're hard at work on a fix for the Touch ID issue as we speak. We hope to have everything up an running shortly ^J,718037,718034
718038,AskRBC,FALSE,Tue Oct 10 23:12:00 +0000 2017,"@291936 No changes, our savings accounts still have no monthly fees. Seeing a fee? DM us more details (amt/desc) or call 1-800-769-2511 ^A",,718039
718040,AskRBC,FALSE,Tue Oct 10 22:36:00 +0000 2017,"@291937 We always enjoy a good hero story. DM us the deets, we would love to hear about it :) ^K",,718041
720204,AskRBC,FALSE,Sat Nov 25 05:54:55 +0000 2017,"@292379 Hi Nic, we appreciate ur patience w/ our hold times; our cards team is getting higher than normal call volumes. 2 save u time, if u have our RBC Mobile app, we offer a callback feature; once u're logged in, go 2 menu/more, click on contact us &amp; then Schedule a Call ^M",,720205
720240,AskRBC,FALSE,Sat Nov 25 05:30:25 +0000 2017,"@292391 Hi there, our Cards team has been busier than usual lately (especially since it's Black Friday!) If you have the mobile app you can always set up a call back :) Just log in, click the menu on the left, then click Contact us and then Schedule a Call! ^JA",720241,720242
720245,AskRBC,FALSE,Sat Nov 25 05:04:28 +0000 2017,"@292392 Hi there, we're sorry for the wait! We're having some minor issues with the phones but will be with you as soon as possible :) ^JA",,720246
723591,AskRBC,FALSE,Wed Oct 11 01:50:26 +0000 2017,@293274 You've got to wake up pretty early in the morning to fool us ;) We're just a tweet away if you need anything! ^J,"723,592,723,593",723594
723602,AskRBC,FALSE,Wed Oct 11 01:45:00 +0000 2017,"@293278 No news at this time, though if u have a cheque, u can use the mobile app 2 deposit; more info -&gt; https://t.co/BeyJvnpxOW ^M",,723603
723604,AskRBC,FALSE,Wed Oct 11 01:35:00 +0000 2017,@293279 Tks for letting us know about this. Can you please send us a DM &amp; let us know which branch you deal with &amp; your contact info? ^J,,723605
723606,AskRBC,FALSE,Wed Oct 11 01:09:30 +0000 2017,@293280 That joke was pretty rich! .. taps mic.. is this thing on? We promise our financial advice is way better than our sense of humor ^J,723607,723608
727072,AskRBC,FALSE,Fri Oct 06 17:31:31 +0000 2017,@294159 Hi there. Pls email ur phone number to: __email__ to be added to our do not solicit list ^B,727073,727074
727075,AskRBC,FALSE,Fri Oct 06 16:57:00 +0000 2017,"@294160 While we may be biased, we'd recommend RBC. Let us know what you're banking needs are so we can help. Hope to talk soon ^T",,727076
740331,AskRBC,FALSE,Wed Oct 11 12:42:00 +0000 2017,@297056 This isn't allowed unless amt owing at time of payment is more than ur credit limit. For details: https://t.co/UbkYCY7BoX ^DH,740332,740333
740334,AskRBC,FALSE,Wed Oct 11 19:37:29 +0000 2017,@297056 Our Cards team can further clarify. Reach them anytime at 1-800-769-2512. Enjoy the rest of ur day ^C,,740332
744028,AskRBC,FALSE,Wed Oct 11 14:53:00 +0000 2017,"@297902 Apple has told us there is delay in shipping due to the high demand. Know that once ur item ready, you'll get a msg ^C",744029,744030
756248,AskRBC,FALSE,Wed Oct 11 18:14:06 +0000 2017,"@300756 Hi Spencer, things look fine on our end; what error are you getting when you log in? ^EC",756249,756250
756251,AskRBC,FALSE,Wed Oct 11 18:41:04 +0000 2017,"@300756 Can you try a different browser? If that does not fix the issue, you can call us at 1-800-769-2555 for troubleshooting ^EC",,756249
756252,AskRBC,FALSE,Wed Oct 11 17:51:30 +0000 2017,@300757 That's what we aim for :D Thanks for the shout-out! Let us know if ever there is anything else you need ^EC,,756253
756254,AskRBC,FALSE,Wed Oct 11 16:42:01 +0000 2017,"@300757 Yes, we're working on a fix for an issue that appeared with the iOS 11 update. We hope to have it corrected soon ^S",756253,756255
763426,AskRBC,FALSE,Sat Oct 07 12:32:16 +0000 2017,@302437 We're always looking for ways to improve; can you send a DM with details about your experience? We'll do our best to help ^DH,763427,763428
763547,AskRBC,FALSE,Wed Oct 11 21:04:31 +0000 2017,"@302465 Tks for getting back to us. Pls give us a shout -&gt; 1-800-769-2555, we'd like to have our online banking experts take a look ^J",,763548
763549,AskRBC,FALSE,Wed Oct 11 20:27:00 +0000 2017,@302465 Hey Ivana. We donâ€™t have any issues across the board atm. Please get back to us with more details about what youâ€™re seeing ^PQ,763548,763550
763551,AskRBC,FALSE,Wed Oct 11 19:28:00 +0000 2017,"@302466 Saw ur tweet, Maranda. We'd like to look into this to try to help. Pls DM deets of what's happening &amp; Branch u visited ^JL",,763552
763553,AskRBC,FALSE,Wed Oct 11 19:04:00 +0000 2017,@302467 Weâ€™re always looking at ways to improve how we serve clients and are looking into this solution. Stay tuned! ^DH,,763554
763555,AskRBC,FALSE,Wed Oct 11 18:54:00 +0000 2017,"@302468 Hi Erik, we're here 2 try 2 help &amp; wld like 2 get u in touch w/r Caribbean partners. Pls DM ph# &amp; deets of what u need ^JL",,763556
765408,AskRBC,FALSE,Sat Oct 07 13:31:56 +0000 2017,@302944 This warms our hearts. We know they'll share a magical bond :) ^K,,765409
770440,AskRBC,FALSE,Wed Oct 11 22:47:37 +0000 2017,@303988 We may have some experts who can help! Find one near you using this handy tool - https://t.co/jfKutU9aVB ^JL,,770441
774127,AskRBC,FALSE,Thu Oct 12 01:40:52 +0000 2017,@304936 You can make the deposit but foreign funds at the ATM may be on hold. You can also deposit in person for the current rate ^J,,774128
774129,AskRBC,FALSE,Thu Oct 12 01:23:49 +0000 2017,@304937 We'd like to try to help. Pls give us a shout -&gt; 1-888-847-5803 so our online experts can take a look at what's happening ^J,,774130
778128,AskRBC,FALSE,Thu Oct 12 03:22:00 +0000 2017,@189582 We'd like to take a look into this. Pls reach out -&gt; 1-800-769-2512 to chat with our card experts. Our 800# is 100% free ^J,,778129
790638,AskRBC,FALSE,Sun Oct 08 01:26:00 +0000 2017,"@187640 Shipping of watches delayed due to high volume of orders. Once shipped, u'll get a message w/ tracking info. Thx 4 ur patience ^A",790639,790640
800932,AskRBC,FALSE,Thu Oct 12 15:32:00 +0000 2017,@310859 Sorry to hear of any long wait times; we appreciate your patience. Have you tried booking online: https://t.co/TipyIwb4Ks ? ^PQ,800933,800934
800935,AskRBC,FALSE,Thu Oct 12 15:06:57 +0000 2017,@310860 Actually Richard you will need an NFC-capable smartphone to use RBC Wallet on Android. More details https://t.co/i8zWxW5JWY ^PQ,800936,800937
800938,AskRBC,FALSE,Thu Oct 12 14:44:00 +0000 2017,@310860 This can depend on your OS and device; are you using an iPhone or Android? ^EC,800937,800939
800940,AskRBC,FALSE,Thu Oct 12 15:06:51 +0000 2017,@310861 Need help making that move? Start out with a call to our investment advisors at 1â€“800â€“463â€“3863; they're ready to chat when u are ^C,800941,800942
807182,AskRBC,FALSE,Thu Oct 12 17:49:00 +0000 2017,"@312343 No appointment needed, Abhishek. Safety deposit box sizes and prices can be found here https://t.co/hHnDFbQ2mt ^T",,807183
807184,AskRBC,FALSE,Thu Oct 12 16:38:33 +0000 2017,"@312343 Hi Abhishek, we do offer safety deposit boxes to non-clients :) You can open one at your nearest branch. Hope this helps! ^K",807183,807185
807186,AskRBC,FALSE,Thu Oct 12 16:37:34 +0000 2017,@312344 Thanks for letting us know. Please reach our cards team at 1-800-769-2512 or using the â€œContact Usâ€ features of our mobile app ^PQ,807187,807188
807190,AskRBC,FALSE,Thu Oct 12 16:36:34 +0000 2017,@312345 Hi Jose - you can control how you'd like to be contacted (or not) regarding offers. Visit https://t.co/Ywsa8K5YMa for details ^S,,807191
807192,AskRBC,FALSE,Thu Oct 12 16:18:00 +0000 2017,@312346 We'd like to know more about your experience. Share details here https://t.co/vyL6xvZadv Appreciate it ^C,"807,193,807,194",807195
826217,AskRBC,FALSE,Thu Oct 12 23:29:51 +0000 2017,"@316797 To make this easier, our online pros can guide u on how to change ur password; pls give them a call anytime @ 1-800-769-2555 ^M",,826218
830484,AskRBC,FALSE,Fri Oct 13 02:58:51 +0000 2017,"@317754 No Android pay @ this time; clients w/ Android can use RBC Wallet 4 safe, secure purchases incl pmt &amp; gift card @ point of sale ^M",,830485
848006,AskRBC,FALSE,Fri Oct 20 14:21:53 +0000 2017,"@321539 Yes, we have accounts that offer free personal cheques! More info about our accounts &amp; what they offerâž¡ï¸ https://t.co/xao4reQtAU ^T",,848007
848011,AskRBC,FALSE,Fri Oct 20 14:14:33 +0000 2017,@321541 Hi there. Our partners at RBC Direct Investing apologize for the inconvenience. This temporary issue has been resolved ^S,,848012
848013,AskRBC,FALSE,Fri Oct 20 13:55:44 +0000 2017,@279570 We'd like to hear more about ur experience in a DM; let's see if we can help. Also include ur full name &amp; ph# to reach u. Thx! ^C,,848014
848015,AskRBC,FALSE,Fri Oct 20 13:24:34 +0000 2017,"@172757 NOMI is slowly being rolled out to all customer base, Puleen. Thanks for your interest in this very exciting feature ^C",,848016
848017,AskRBC,FALSE,Fri Oct 20 12:45:01 +0000 2017,@321542 Perhaps we can help! Check out our FAQ's on this feature for tips on taking an image of ur cheque https://t.co/BeyJvnpxOW ^B,,848018
871987,AskRBC,FALSE,Fri Oct 13 15:29:26 +0000 2017,"@327020 Our Cards team can help you, Albert. Give them a shout at 1-800-769-2512. Enjoy the rest of your day ^C",,871988
871989,AskRBC,FALSE,Fri Oct 13 14:11:54 +0000 2017,@327021 Hi - you can connect with us toll free or collect here https://t.co/lYBcsRQahq or through secure chat on our mobile app ^S,,871990
871991,AskRBC,FALSE,Fri Oct 13 14:11:53 +0000 2017,@327022 This will update with overnight processing. Clicking on the credit card details should reflect ur pmt &amp; available credit ^C,871992,871993
871994,AskRBC,FALSE,Fri Oct 13 14:07:00 +0000 2017,@327023 Hi Parul - we'd like to try to help. Were you able to get the issue with your client card taken care of? ^S,871995,871996
877496,AskRBC,FALSE,Fri Oct 20 15:20:00 +0000 2017,"@168816 Your feedback is always welcome; if you aren't happy with the service you received, pls let us know - https://t.co/NZUFuccuCl ^T",,877497
890414,AskRBC,FALSE,Fri Oct 20 23:42:35 +0000 2017,@331405 Great Q! U should receive a new card b4 ur current one expires; pls call cards @ 1-800-769-2512 if u need anything else :) ^M,890415,890416
890417,AskRBC,FALSE,Fri Oct 20 20:58:30 +0000 2017,"@331406 Hi there, we noticed ur tweet. If u need any assistance w/ anything please give our Caribbean experts a call: 800-1722 ^JL",,890418
890419,AskRBC,FALSE,Fri Oct 20 20:03:30 +0000 2017,"@331407 Hi there. So we can try to help, please let us know which number is calling and get us more info about those texts. Thanks ^PQ","890,420,890,421",890422
890423,AskRBC,FALSE,Sun Oct 22 01:11:01 +0000 2017,@331407 Plz give them a call back ASAP at that number. They're closed tmrw but open 8am - 9pm ET Mon- Fri &amp; 8am - 4pm ET Sat. Thanks! ^JA,"890,424,890,425",890420
890426,AskRBC,FALSE,Mon Oct 23 22:06:26 +0000 2017,@331407 Actually itâ€™s not phishing. Pls return that call or use this # instead 1-866-893-3295. RBC sms alerts https://t.co/cIY519cmkf ^PQ,"890,427,890,428,890,000",890425
899287,AskRBC,FALSE,Sat Oct 21 01:23:00 +0000 2017,@333522 We'd be honoured if you picked us! If you've got any questions or want more info don't hesitate to send us a DM :) ^JA,899288,899289
904948,AskRBC,FALSE,Fri Oct 13 18:36:33 +0000 2017,"@241667 Was this corrected for you, Stephen? If not, please call our credit cards team at 1-800-769-2512. Thx ^S",,904949
904950,AskRBC,FALSE,Fri Oct 13 17:05:00 +0000 2017,@334856 We're here 2 try 2 help. Can u provide more details such as; any error msgs &amp; are u using Online Banking or the Mobile App? ^JL,,904951
904954,AskRBC,FALSE,Fri Oct 13 16:53:29 +0000 2017,@334858 We don't want to see this happen! Before u make any moves pls cnct w/r Investment experts @ 18004633863 to explore opts ^JL,,904955
904959,AskRBC,FALSE,Fri Oct 13 16:31:47 +0000 2017,"@334859 Hi there, we caught ur tweet. Need help finding the right card? Tell us what u're looking 4 or cnct: https://t.co/tx4mhN07ew ^JL",,904960
933318,AskRBC,FALSE,Fri Oct 13 21:55:00 +0000 2017,"@172617 Hi there, this is a known tech issue &amp; our experts are hard at work to resolve it. Apologies for any inconvenience ^JL",933319,933320
933321,AskRBC,FALSE,Fri Oct 13 23:12:56 +0000 2017,"@168816 Hi David, no ETA @ this time for Touch ID; our tech team is working 2 have this fixed asap. We're sorry for the inconvenience ^M","933,322,933,323",933319
933324,AskRBC,FALSE,Fri Oct 13 21:51:00 +0000 2017,@341375 Letâ€™s take a look into this. Give us a call at 1-800-769-2555 any time so we can try to help ^PQ,,933325
933326,AskRBC,FALSE,Fri Oct 13 21:36:29 +0000 2017,"@341376 Hey Arian, we don't want to see u switch. Can u pls tell us the location u visited? We'd like to look into this &amp; send feedback ^JL",933327,933328
933329,AskRBC,FALSE,Fri Oct 13 23:00:38 +0000 2017,@341376 Thanks. Weâ€™ll forward your feedback to the branch ^PQ,,933327
933330,AskRBC,FALSE,Fri Oct 13 21:25:18 +0000 2017,@341377 Come join us the spooky side ;) We'd love to chat abt this more; pls DM us ur ph# when u're free between 8am - 1am ET ^M,,933331
933362,AskRBC,FALSE,Fri Oct 13 19:50:00 +0000 2017,"@341388 Yup, definitely phishing. If you still have the message, you can always forward it to __email__ Thanks for heads up :) ^K",933363,933364
933365,AskRBC,FALSE,Fri Oct 13 19:35:52 +0000 2017,"@341389 This isn't supported, Rick. We'll send ur inquiry to our developers though to let them know of ur interest. Have a good one ^C",933366,933367
933368,AskRBC,FALSE,Fri Oct 13 19:29:36 +0000 2017,@341390 Hi - our RBC Rewards site has all Cineplex conversions equal (eg; $25 for 3500 pts / $50 for 7000). Where do you see this? ^S,,933369
936067,AskRBC,FALSE,Tue Oct 10 22:34:00 +0000 2017,"@168815 Thanks for the awesome shout out, Andy! Much appreciated :) ^JL",,936068
943359,AskRBC,FALSE,Sat Oct 21 14:59:01 +0000 2017,@343657 Good Morning - this is the number for our fraud dept. We'd recommend calling them back at your earliest convenience. Thx ^S,,943360
943361,AskRBC,FALSE,Sat Oct 21 13:28:01 +0000 2017,@333522 We'd have to agree with your friend as well ;) ^K,943362,943363
943364,AskRBC,FALSE,Sat Oct 21 12:37:01 +0000 2017,"@343659 If you still need help you can request a call through ""contact us"" on our app, or even apply for a CC in online banking ^S",,943365
953933,AskRBC,FALSE,Sat Oct 21 20:59:53 +0000 2017,@346353 Hi! We see this error from time 2 time. We'd suggest trying a different browser on your mobile device or call us 1-800-769-2555 ^K,,953934
953935,AskRBC,FALSE,Sat Oct 21 19:55:46 +0000 2017,@346353 Hi Jeannie - we're not aware of any issues with online banking. If you're having trouble please call 1-800-769-2555 for help ^S,"953,936,953,934",953937
953938,AskRBC,FALSE,Sat Oct 21 19:57:30 +0000 2017,@346354 Good catch Eddy! Definitely not from us. You can report it here: https://t.co/hwzn2fBoXI Thanks for the heads up :) ^K,,953939
953940,AskRBC,FALSE,Sat Oct 21 21:19:30 +0000 2017,"@346353 Thx Jeannie! You should also clear Safari history/cache in case anything in there causing problems w/ our site, or any others ^PQ",,953936
953941,AskRBC,FALSE,Sat Oct 21 18:35:00 +0000 2017,@346355 Thanks for the shout out Jon! We'll make sure that Raphael gets the kudos :) ^K,,953942
953943,AskRBC,FALSE,Sat Oct 21 18:30:00 +0000 2017,@346355 Thanks! Happy that you like the changes... and the increase on the card :) Have a great day! ^K,,953944
953945,AskRBC,FALSE,Sat Oct 21 17:37:24 +0000 2017,"@346356 Hi Kavir! We haven't noticed any hiccups here, if you're still having issues please call us at 1-800-769-2512. Thanks :) ^K",953946,953947
969585,AskRBC,FALSE,Sat Dec 02 00:41:29 +0000 2017,@350131 Glad to hear it! We hope you have a fantastic weekend :) ^JA,,969586
977224,AskRBC,FALSE,Sun Oct 22 01:58:00 +0000 2017,@351773 Thanks for reporting. Weâ€™ll let our partners at that branch know about this ^PQ,,977225
1004305,AskRBC,FALSE,Sun Oct 22 14:42:00 +0000 2017,"@357709 Thank you for sharing, Moe! We love hearing stuff like this. Enjoy your Sunday! ^SL",,1004306
1004307,AskRBC,FALSE,Sun Oct 22 14:37:06 +0000 2017,"@357710 Hi there, for the IBAN u would use ur 5-digit transit and 7-digit account #. We're a tweet away if u have any more Qs :) ^M",,1004308
1004309,AskRBC,FALSE,Sun Oct 22 12:24:32 +0000 2017,"@357711 Are u still experiencing issues w/ the app? If so, pls call our digital team @ 1-800-769-2555 so they can look into this ^SL",,1004310
1006970,AskRBC,FALSE,Sun Oct 22 19:28:07 +0000 2017,"@358286 Hi Lee, was the purchase on a credit card? If so, you can speak with an expert about your options at 1-800-769-2512 ^SL",,1006971
1006972,AskRBC,FALSE,Sun Oct 22 17:57:00 +0000 2017,@358287 Our Secret agents are always on the lookout for those fraudsters ;) We will always have your back. Take care! ^M,,1006973
1019313,AskRBC,FALSE,Sat Oct 14 14:05:32 +0000 2017,"@361187 Definitely not how we want you to feel about us, and certainly don't want to see you leave. Can you DM details? Incl ph# ^DH",,1019314
1019317,AskRBC,FALSE,Sat Oct 14 13:23:54 +0000 2017,"@361188 Hi Mike, customer service is impt 2 us &amp; we'd like 2 know more abt what caused u 2 feel this way. Pls share via DM. Thx ^JL",1019318,904957
1025491,AskRBC,FALSE,Sun Oct 22 22:22:00 +0000 2017,"@362663 Glad you like it, Andrea! Tweet @ us if ever there is anything you need :) ^EC",1025492,1025493
1044086,AskRBC,FALSE,Sat Oct 14 18:13:26 +0000 2017,@366878 We'll certainly look into it - can you pls either follow us or send the first DM? It's not allowing us to send one. Thx! ^DH,,1044087
1044088,AskRBC,FALSE,Sat Oct 14 17:51:00 +0000 2017,"@366879 Hi Julie, we'd like to find out more about what happened to try to help. Please send us a DM with more details. Thanks ^JL",1044089,1044090
1049785,AskRBC,FALSE,Thu Oct 12 23:21:00 +0000 2017,"@368112 Have u tried deleting cookies then uninstalling/reinstalling app? If still linked, reach out to our mobile pros at 1-800-769-2555 ^A",1049786,1049787
1066745,AskRBC,FALSE,Sat Oct 14 19:25:00 +0000 2017,"@371740 Did you end up getting through? If not, which number are you calling? We may have other options ^DH",,1066746
1068624,AskRBC,FALSE,Mon Oct 23 14:56:39 +0000 2017,"@372179 Hi Kat - to be added to our Do Not Solicit list, pls email ur phone number to: __email__ Thx ^S",1068625,1068626
1068628,AskRBC,FALSE,Mon Oct 23 13:45:35 +0000 2017,@372180 Hi - there's a known issue with Touch ID since the iOS 11 update. We hope to have a fix available soon. Thx ^S,1068629,1068630
1068631,AskRBC,FALSE,Mon Oct 23 13:16:01 +0000 2017,"@372181 While overseas, u can call us collect at 506-864-2275 or u can DM your ph# when you're free to talk &amp; we'll call u ^SL",,1068632
1068633,AskRBC,FALSE,Mon Oct 23 13:05:54 +0000 2017,"@372182 Hi Steve - yes, we still accept pennies at the branch as long as they are rolled. Thx ^S",,1068634
1068635,AskRBC,FALSE,Mon Oct 23 13:04:33 +0000 2017,@372183 Hey! We responded to your DM. Take care! ^C,,1068636
1068637,AskRBC,FALSE,Mon Oct 23 12:28:27 +0000 2017,"@372184 Our Cards team can help check into this with you, Jordan. Feel free to call 1-800-769-2512 anytime. Enjoy your day ^C",,1068638
1082840,AskRBC,FALSE,Sun Oct 15 02:05:27 +0000 2017,@375422 Nothing is wrong just down 4 routine maintenance; it should be up soon! Try using the app in the meantime while u wait :) ^M,"10,828,411,082,842",1082843
1082845,AskRBC,FALSE,Sun Oct 15 04:37:49 +0000 2017,@375422 We're doing some routine maintenance tonight so that could be what happened there. We'd suggest trying again later :) ^JA,,1082844
1089725,AskRBC,FALSE,Mon Oct 23 18:58:00 +0000 2017,"@377098 There's is a known issue &amp; we're working on a fix. In the meantime, we suggest logging in to the website to add a payee ^SL",,1089726
1089727,AskRBC,FALSE,Mon Oct 23 18:36:31 +0000 2017,"@377099 Hi Donnella - may we ask what you were looking for help with? Also, which branch did you visit? We'd like to pass this along ^S","10,897,281,089,729",1089730
1089732,AskRBC,FALSE,Mon Oct 23 17:05:00 +0000 2017,@377100 Thanks Mark! We appreciate it! ^SL,,1089733
1089734,AskRBC,FALSE,Mon Oct 23 16:46:35 +0000 2017,"@377100 Hey Mark, if you still have this message please report it to __email__ so our security team can take a look. Thanks ^JL",1089733,1089735
1089736,AskRBC,FALSE,Mon Oct 23 15:58:00 +0000 2017,@302437 Pls contact our travel claims department directly at: (905) 816-2561 (collect call from anywhere) ^SL,,1089737
1089744,AskRBC,FALSE,Fri Oct 13 19:09:32 +0000 2017,@377102 How about our RBC Cash Back Mastercard? Get cash back on most any purchase you make! For details https://t.co/RyVYXYh1d5 ^C,,1089745
1089746,AskRBC,FALSE,Fri Oct 13 18:46:00 +0000 2017,@220952 This is something we're working on in an upcoming update. We're sorry for any inconvenience caused in the meantime ^C,,1089747
1096554,AskRBC,FALSE,Sun Oct 15 04:14:50 +0000 2017,"@378763 No Android Pay @ this time;clients w/Android can use RBC Wallet 4 safe, secure purchases incld pmt &amp; gift card @ point of sale ^M",,1096555
1096556,AskRBC,FALSE,Wed May 31 14:55:43 +0000 2017,"@378764 No Android Pay at this time; clients w/ Android can use RBC Wallet for safe, secure purchases including pmt &amp; gift cards @ point of sale ^DH","10,965,551,096,557",1096558
1096559,AskRBC,FALSE,Sun Oct 15 03:38:26 +0000 2017,"@378765 Yes, it's down for some scheduled maint; pls try again later or try using the RBC Mobile app. Thank you for ur patience! ^M",,1096560
1101798,AskRBC,FALSE,Mon Oct 23 22:20:37 +0000 2017,"@172616 This is a known issue and weâ€™re working on a fix, Kyle. Thank you to you and your wife for your patience in the meantime ^PQ",,1101799
1101800,AskRBC,FALSE,Mon Oct 23 19:37:00 +0000 2017,"@379980 TY for the feedback, Kyle. Have you tried using the widget for our app? This will simplify the process ^S",1101801,1101802
1157714,AskRBC,FALSE,Sun Oct 15 03:18:54 +0000 2017,@392333 We are doing routine maintenance but it should be up in an hour or so! We appreciate your patience :) ^JA,1157715,1157716
1157717,AskRBC,FALSE,Wed Oct 18 19:34:26 +0000 2017,@392334 Hi Kelly! Should be working now. Have you tried a different browser by chance? If that doesn't work pls call 1-800-769-2555 ^K,,1157715
1157719,AskRBC,FALSE,Wed Oct 18 20:03:34 +0000 2017,@392334 Is this for all browsers/ after clearing history in current browser? If so give us a call at 1-800-769-2555 for assistance ^PQ,,1157718
1158388,AskRBC,FALSE,Sun Oct 15 17:29:00 +0000 2017,@392495 No Android Pay at this time; clients with Android can use RBC Wallet for secure purchases including payment &amp; gift cards ^DH,,1158389
1158390,AskRBC,FALSE,Sun Oct 15 15:08:05 +0000 2017,"@168816 For GIC rates --&gt; https://t.co/lP4Rw4Im1z To discuss other options, u can speak with an investment expert at 1-800-463-3863 ^SL",1158391,1158392
1159060,AskRBC,FALSE,Tue Oct 24 16:03:53 +0000 2017,"@392661 Hi Zaheed, Apple has updated us; orders may experience longer shipping times due to higher volumes of orders ^SL",,1159061
1159062,AskRBC,FALSE,Tue Oct 24 15:49:34 +0000 2017,@392662 Let's change your preferences so you only get calls you want. DM your ph# when you're free to talk or https://t.co/06lzSKIOIc ^EC,,1159063
